slp,incpt,ssResid
1.223849890036232,-1,47.91510309968874
1.223849890036232,-0.95,46.730654235138246
1.223849890036232,-0.9,45.56120537058776
1.223849890036232,-0.85,44.406756506037254
1.223849890036232,-0.8,43.26730764148676
1.223849890036232,-0.75,42.142858776936265
1.223849890036232,-0.7,41.033409912385764
1.223849890036232,-0.6499999999999999,39.93896104783528
1.223849890036232,-0.6,38.85951218328478
1.223849890036232,-0.55,37.79506331873428
1.223849890036232,-0.5,36.74561445418379
1.223849890036232,-0.44999999999999996,35.71116558963329
1.223849890036232,-0.3999999999999999,34.69171672508279
1.223849890036232,-0.35,33.6872678605323
1.223849890036232,-0.29999999999999993,32.697818995981805
1.223849890036232,-0.25,31.72337013143131
1.223849890036232,-0.19999999999999996,30.763921266880814
1.223849890036232,-0.1499999999999999,29.819472402330312
1.223849890036232,-0.09999999999999998,28.890023537779825
1.223849890036232,-0.04999999999999993,27.975574673229325
1.223849890036232,0,27.07612580867883
1.223849890036232,0.050000000000000044,26.19167694412834
1.223849890036232,0.10000000000000009,25.32222807957784
1.223849890036232,0.15000000000000013,24.467779215027342
1.223849890036232,0.20000000000000018,23.628330350476844
1.223849890036232,0.25,22.803881485926354
1.223849890036232,0.30000000000000004,21.994432621375857
1.223849890036232,0.3500000000000001,21.19998375682536
1.223849890036232,0.40000000000000013,20.420534892274862
1.223849890036232,0.4500000000000002,19.656086027724367
1.223849890036232,0.5,18.906637163173876
1.223849890036232,0.55,18.17218829862338
1.223849890036232,0.6000000000000001,17.45273943407289
1.223849890036232,0.6500000000000001,16.74829056952239
1.223849890036232,0.7000000000000002,16.05884170497189
1.223849890036232,0.75,15.384392840421398
1.223849890036232,0.8,14.724943975870902
1.223849890036232,0.8500000000000001,14.080495111320406
1.223849890036232,0.9000000000000001,13.45104624676991
1.223849890036232,0.9500000000000002,12.836597382219415
1.223849890036232,1,12.23714851766892
1.2518853671089945,-1,46.53025700507338
1.2518853671089945,-0.95,45.362629426766546
1.2518853671089945,-0.9,44.2100018484597
1.2518853671089945,-0.85,43.07237427015288
1.2518853671089945,-0.8,41.94974669184602
1.2518853671089945,-0.75,40.84211911353919
1.2518853671089945,-0.7,39.74949153523235
1.2518853671089945,-0.6499999999999999,38.671863956925506
1.2518853671089945,-0.6,37.60923637861868
1.2518853671089945,-0.55,36.56160880031184
1.2518853671089945,-0.5,35.528981222005
1.2518853671089945,-0.44999999999999996,34.511353643698165
1.2518853671089945,-0.3999999999999999,33.50872606539132
1.2518853671089945,-0.35,32.52109848708449
1.2518853671089945,-0.29999999999999993,31.548470908777645
1.2518853671089945,-0.25,30.59084333047081
1.2518853671089945,-0.19999999999999996,29.648215752163978
1.2518853671089945,-0.1499999999999999,28.72058817385713
1.2518853671089945,-0.09999999999999998,27.8079605955503
1.2518853671089945,-0.04999999999999993,26.910333017243456
1.2518853671089945,0,26.02770543893662
1.2518853671089945,0.050000000000000044,25.160077860629787
1.2518853671089945,0.10000000000000009,24.30745028232294
1.2518853671089945,0.15000000000000013,23.469822704016103
1.2518853671089945,0.20000000000000018,22.647195125709267
1.2518853671089945,0.25,21.83956754740243
1.2518853671089945,0.30000000000000004,21.046939969095593
1.2518853671089945,0.3500000000000001,20.26931239078875
1.2518853671089945,0.40000000000000013,19.506684812481907
1.2518853671089945,0.4500000000000002,18.759057234175074
1.2518853671089945,0.5,18.026429655868238
1.2518853671089945,0.55,17.308802077561403
1.2518853671089945,0.6000000000000001,16.606174499254557
1.2518853671089945,0.6500000000000001,15.91854692094772
1.2518853671089945,0.7000000000000002,15.245919342640883
1.2518853671089945,0.75,14.588291764334048
1.2518853671089945,0.8,13.945664186027212
1.2518853671089945,0.8500000000000001,13.318036607720368
1.2518853671089945,0.9000000000000001,12.70540902941353
1.2518853671089945,0.9500000000000002,12.107781451106693
1.2518853671089945,1,11.525153872799859
1.2807089562780547,-1,45.129425519105496
1.2807089562780547,-0.95,43.9790920943001
1.2807089562780547,-0.9,42.84375866949469
1.2807089562780547,-0.85,41.723425244689295
1.2807089562780547,-0.8,40.61809181988389
1.2807089562780547,-0.75,39.527758395078486
1.2807089562780547,-0.7,38.452424970273086
1.2807089562780547,-0.6499999999999999,37.39209154546768
1.2807089562780547,-0.6,36.34675812066229
1.2807089562780547,-0.55,35.316424695856874
1.2807089562780547,-0.5,34.30109127105148
1.2807089562780547,-0.44999999999999996,33.30075784624608
1.2807089562780547,-0.3999999999999999,32.31542442144067
1.2807089562780547,-0.35,31.34509099663527
1.2807089562780547,-0.29999999999999993,30.38975757182987
1.2807089562780547,-0.25,29.449424147024466
1.2807089562780547,-0.19999999999999996,28.524090722219068
1.2807089562780547,-0.1499999999999999,27.613757297413663
1.2807089562780547,-0.09999999999999998,26.718423872608263
1.2807089562780547,-0.04999999999999993,25.838090447802855
1.2807089562780547,0,24.972757022997456
1.2807089562780547,0.050000000000000044,24.122423598192057
1.2807089562780547,0.10000000000000009,23.287090173386652
1.2807089562780547,0.15000000000000013,22.466756748581247
1.2807089562780547,0.20000000000000018,21.66142332377585
1.2807089562780547,0.25,20.871089898970446
1.2807089562780547,0.30000000000000004,20.09575647416505
1.2807089562780547,0.3500000000000001,19.335423049359644
1.2807089562780547,0.40000000000000013,18.59008962455424
1.2807089562780547,0.4500000000000002,17.859756199748837
1.2807089562780547,0.5,17.144422774943436
1.2807089562780547,0.55,16.444089350138036
1.2807089562780547,0.6000000000000001,15.758755925332636
1.2807089562780547,0.6500000000000001,15.088422500527228
1.2807089562780547,0.7000000000000002,14.433089075721828
1.2807089562780547,0.75,13.792755650916428
1.2807089562780547,0.8,13.167422226111029
1.2807089562780547,0.8500000000000001,12.557088801305625
1.2807089562780547,0.9000000000000001,11.961755376500218
1.2807089562780547,0.9500000000000002,11.381421951694819
1.2807089562780547,1,10.816088526889418
1.310361736397442,-1,43.7125710244964
1.310361736397442,-0.95,42.580029267762626
1.310361736397442,-0.9,41.462487511028854
1.310361736397442,-0.85,40.35994575429509
1.310361736397442,-0.8,39.27240399756131
1.310361736397442,-0.75,38.19986224082755
1.310361736397442,-0.7,37.14232048409378
1.310361736397442,-0.6499999999999999,36.099778727360004
1.310361736397442,-0.6,35.072236970626236
1.310361736397442,-0.55,34.05969521389247
1.310361736397442,-0.5,33.0621534571587
1.310361736397442,-0.44999999999999996,32.079611700424934
1.310361736397442,-0.3999999999999999,31.11206994369116
1.310361736397442,-0.35,30.159528186957395
1.310361736397442,-0.29999999999999993,29.221986430223616
1.310361736397442,-0.25,28.29944467348985
1.310361736397442,-0.19999999999999996,27.391902916756088
1.310361736397442,-0.1499999999999999,26.49936116002231
1.310361736397442,-0.09999999999999998,25.621819403288548
1.310361736397442,-0.04999999999999993,24.75927764655477
1.310361736397442,0,23.911735889821003
1.310361736397442,0.050000000000000044,23.079194133087235
1.310361736397442,0.10000000000000009,22.26165237635346
1.310361736397442,0.15000000000000013,21.45911061961969
1.310361736397442,0.20000000000000018,20.67156886288592
1.310361736397442,0.25,19.899027106152154
1.310361736397442,0.30000000000000004,19.14148534941839
1.310361736397442,0.3500000000000001,18.398943592684613
1.310361736397442,0.40000000000000013,17.67140183595084
1.310361736397442,0.4500000000000002,16.958860079217075
1.310361736397442,0.5,16.261318322483305
1.310361736397442,0.55,15.57877656574954
1.310361736397442,0.6000000000000001,14.911234809015765
1.310361736397442,0.6500000000000001,14.258693052281995
1.310361736397442,0.7000000000000002,13.621151295548227
1.310361736397442,0.75,12.99860953881446
1.310361736397442,0.8,12.391067782080693
1.310361736397442,0.8500000000000001,11.798526025346916
1.310361736397442,0.9000000000000001,11.220984268613147
1.310361736397442,0.9500000000000002,10.658442511879379
1.310361736397442,1,10.110900755145611
1.340887603127112,-1,42.279717211630526
1.340887603127112,-0.95,41.165490974934556
1.340887603127112,-0.9,40.0662647382386
1.340887603127112,-0.85,38.98203850154262
1.340887603127112,-0.8,37.91281226484666
1.340887603127112,-0.75,36.85858602815069
1.340887603127112,-0.7,35.81935979145472
1.340887603127112,-0.6499999999999999,34.795133554758756
1.340887603127112,-0.6,33.78590731806278
1.340887603127112,-0.55,32.79168108136682
1.340887603127112,-0.5,31.812454844670846
1.340887603127112,-0.44999999999999996,30.84822860797488
1.340887603127112,-0.3999999999999999,29.899002371278915
1.340887603127112,-0.35,28.96477613458295
1.340887603127112,-0.29999999999999993,28.04554989788698
1.340887603127112,-0.25,27.14132366119101
1.340887603127112,-0.19999999999999996,26.252097424495044
1.340887603127112,-0.1499999999999999,25.37787118779908
1.340887603127112,-0.09999999999999998,24.51864495110311
1.340887603127112,-0.04999999999999993,23.67441871440714
1.340887603127112,0,22.845192477711173
1.340887603127112,0.050000000000000044,22.030966241015207
1.340887603127112,0.10000000000000009,21.231740004319242
1.340887603127112,0.15000000000000013,20.44751376762327
1.340887603127112,0.20000000000000018,19.6782875309273
1.340887603127112,0.25,18.924061294231336
1.340887603127112,0.30000000000000004,18.184835057535366
1.340887603127112,0.3500000000000001,17.460608820839404
1.340887603127112,0.40000000000000013,16.751382584143432
1.340887603127112,0.4500000000000002,16.057156347447464
1.340887603127112,0.5,15.377930110751498
1.340887603127112,0.55,14.71370387405553
1.340887603127112,0.6000000000000001,14.064477637359564
1.340887603127112,0.6500000000000001,13.430251400663593
1.340887603127112,0.7000000000000002,12.811025163967624
1.340887603127112,0.75,12.20679892727166
1.340887603127112,0.8,11.617572690575692
1.340887603127112,0.8500000000000001,11.043346453879726
1.340887603127112,0.9000000000000001,10.484120217183754
1.340887603127112,0.9500000000000002,9.939893980487787
1.340887603127112,1,9.410667743791821
1.3723335169484487,-1,40.830959933461905
1.3723335169484487,-0.95,39.735601245058746
1.3723335169484487,-0.9,38.65524255665557
1.3723335169484487,-0.85,37.589883868252414
1.3723335169484487,-0.8,36.53952517984924
1.3723335169484487,-0.75,35.50416649144607
1.3723335169484487,-0.7,34.48380780304292
1.3723335169484487,-0.6499999999999999,33.478449114639744
1.3723335169484487,-0.6,32.48809042623658
1.3723335169484487,-0.55,31.512731737833413
1.3723335169484487,-0.5,30.55237304943025
1.3723335169484487,-0.44999999999999996,29.607014361027087
1.3723335169484487,-0.3999999999999999,28.676655672623916
1.3723335169484487,-0.35,27.761296984220753
1.3723335169484487,-0.29999999999999993,26.860938295817586
1.3723335169484487,-0.25,25.975579607414424
1.3723335169484487,-0.19999999999999996,25.10522091901126
1.3723335169484487,-0.1499999999999999,24.249862230608088
1.3723335169484487,-0.09999999999999998,23.409503542204924
1.3723335169484487,-0.04999999999999993,22.58414485380176
1.3723335169484487,0,21.773786165398594
1.3723335169484487,0.050000000000000044,20.97842747699543
1.3723335169484487,0.10000000000000009,20.19806878859226
1.3723335169484487,0.15000000000000013,19.43271010018909
1.3723335169484487,0.20000000000000018,18.68235141178593
1.3723335169484487,0.25,17.946992723382767
1.3723335169484487,0.30000000000000004,17.226634034979604
1.3723335169484487,0.3500000000000001,16.52127534657643
1.3723335169484487,0.40000000000000013,15.830916658173267
1.3723335169484487,0.4500000000000002,15.1555579697701
1.3723335169484487,0.5,14.495199281366938
1.3723335169484487,0.55,13.849840592963774
1.3723335169484487,0.6000000000000001,13.219481904560604
1.3723335169484487,0.6500000000000001,12.604123216157438
1.3723335169484487,0.7000000000000002,12.003764527754274
1.3723335169484487,0.75,11.418405839351111
1.3723335169484487,0.8,10.848047150947949
1.3723335169484487,0.8500000000000001,10.292688462544778
1.3723335169484487,0.9000000000000001,9.75232977414161
1.3723335169484487,0.9500000000000002,9.226971085738446
1.3723335169484487,1,8.716612397335282
1.4047497777989988,-1,39.36647982982089
1.4047497777989988,-0.95,38.29057089792806
1.4047497777989988,-0.9,37.22966196603522
1.4047497777989988,-0.85,36.18375303414239
1.4047497777989988,-0.8,35.15284410224955
1.4047497777989988,-0.75,34.136935170356715
1.4047497777989988,-0.7,33.136026238463884
1.4047497777989988,-0.6499999999999999,32.15011730657104
1.4047497777989988,-0.6,31.17920837467821
1.4047497777989988,-0.55,30.223299442785375
1.4047497777989988,-0.5,29.282390510892537
1.4047497777989988,-0.44999999999999996,28.356481578999706
1.4047497777989988,-0.3999999999999999,27.445572647106864
1.4047497777989988,-0.35,26.54966371521403
1.4047497777989988,-0.29999999999999993,25.668754783321194
1.4047497777989988,-0.25,24.80284585142836
1.4047497777989988,-0.19999999999999996,23.951936919535527
1.4047497777989988,-0.1499999999999999,23.11602798764269
1.4047497777989988,-0.09999999999999998,22.29511905574985
1.4047497777989988,-0.04999999999999993,21.489210123857013
1.4047497777989988,0,20.698301191964184
1.4047497777989988,0.050000000000000044,19.922392260071348
1.4047497777989988,0.10000000000000009,19.161483328178512
1.4047497777989988,0.15000000000000013,18.41557439628567
1.4047497777989988,0.20000000000000018,17.684665464392836
1.4047497777989988,0.25,16.968756532500006
1.4047497777989988,0.30000000000000004,16.26784760060717
1.4047497777989988,0.3500000000000001,15.581938668714336
1.4047497777989988,0.40000000000000013,14.911029736821494
1.4047497777989988,0.4500000000000002,14.25512080492866
1.4047497777989988,0.5,13.614211873035828
1.4047497777989988,0.55,12.988302941142994
1.4047497777989988,0.6000000000000001,12.377394009250157
1.4047497777989988,0.6500000000000001,11.781485077357317
1.4047497777989988,0.7000000000000002,11.200576145464483
1.4047497777989988,0.75,10.63466721357165
1.4047497777989988,0.8,10.083758281678815
1.4047497777989988,0.8500000000000001,9.54784934978598
1.4047497777989988,0.9000000000000001,9.02694041789314
1.4047497777989988,0.9500000000000002,8.521031486000306
1.4047497777989988,1,8.030122554107471
1.438190329722232,-1,37.88655702503342
1.438190329722232,-0.95,36.830712424294525
1.438190329722232,-0.9,35.78986782355563
1.438190329722232,-0.85,34.76402322281674
1.438190329722232,-0.8,33.75317862207785
1.438190329722232,-0.75,32.75733402133894
1.438190329722232,-0.7,31.77648942060005
1.438190329722232,-0.6499999999999999,30.810644819861153
1.438190329722232,-0.6,29.859800219122256
1.438190329722232,-0.55,28.923955618383363
1.438190329722232,-0.5,28.003111017644464
1.438190329722232,-0.44999999999999996,27.09726641690557
1.438190329722232,-0.3999999999999999,26.206421816166674
1.438190329722232,-0.35,25.33057721542778
1.438190329722232,-0.29999999999999993,24.469732614688883
1.438190329722232,-0.25,23.623888013949987
1.438190329722232,-0.19999999999999996,22.793043413211095
1.438190329722232,-0.1499999999999999,21.977198812472196
1.438190329722232,-0.09999999999999998,21.1763542117333
1.438190329722232,-0.04999999999999993,20.390509610994407
1.438190329722232,0,19.61966501025551
1.438190329722232,0.050000000000000044,18.863820409516617
1.438190329722232,0.10000000000000009,18.122975808777717
1.438190329722232,0.15000000000000013,17.39713120803882
1.438190329722232,0.20000000000000018,16.686286607299927
1.438190329722232,0.25,15.990442006561032
1.438190329722232,0.30000000000000004,15.309597405822137
1.438190329722232,0.3500000000000001,14.643752805083238
1.438190329722232,0.40000000000000013,13.992908204344346
1.438190329722232,0.4500000000000002,13.35706360360545
1.438190329722232,0.5,12.736219002866555
1.438190329722232,0.55,12.13037440212766
1.438190329722232,0.6000000000000001,11.539529801388763
1.438190329722232,0.6500000000000001,10.963685200649866
1.438190329722232,0.7000000000000002,10.40284059991097
1.438190329722232,0.75,9.856995999172076
1.438190329722232,0.8,9.326151398433183
1.438190329722232,0.8500000000000001,8.810306797694285
1.438190329722232,0.9000000000000001,8.309462196955389
1.438190329722232,0.9500000000000002,7.8236175962164936
1.438190329722232,1,7.352772995477599
1.4727130994323419,-1,36.39158825971504
1.4727130994323419,-0.95,35.356457320802214
1.4727130994323419,-0.9,34.33632638188938
1.4727130994323419,-0.85,33.33119544297655
1.4727130994323419,-0.8,32.34106450406372
1.4727130994323419,-0.75,31.36593356515089
1.4727130994323419,-0.7,30.405802626238057
1.4727130994323419,-0.6499999999999999,29.46067168732523
1.4727130994323419,-0.6,28.530540748412403
1.4727130994323419,-0.55,27.615409809499575
1.4727130994323419,-0.5,26.715278870586744
1.4727130994323419,-0.44999999999999996,25.830147931673913
1.4727130994323419,-0.3999999999999999,24.960016992761084
1.4727130994323419,-0.35,24.10488605384825
1.4727130994323419,-0.29999999999999993,23.26475511493542
1.4727130994323419,-0.25,22.43962417602259
1.4727130994323419,-0.19999999999999996,21.629493237109763
1.4727130994323419,-0.1499999999999999,20.834362298196933
1.4727130994323419,-0.09999999999999998,20.054231359284103
1.4727130994323419,-0.04999999999999993,19.289100420371277
1.4727130994323419,0,18.538969481458444
1.4727130994323419,0.050000000000000044,17.803838542545613
1.4727130994323419,0.10000000000000009,17.083707603632785
1.4727130994323419,0.15000000000000013,16.378576664719954
1.4727130994323419,0.20000000000000018,15.688445725807124
1.4727130994323419,0.25,15.013314786894298
1.4727130994323419,0.30000000000000004,14.353183847981468
1.4727130994323419,0.3500000000000001,13.708052909068634
1.4727130994323419,0.40000000000000013,13.077921970155806
1.4727130994323419,0.4500000000000002,12.462791031242975
1.4727130994323419,0.5,11.862660092330149
1.4727130994323419,0.55,11.27752915341732
1.4727130994323419,0.6000000000000001,10.707398214504487
1.4727130994323419,0.6500000000000001,10.152267275591658
1.4727130994323419,0.7000000000000002,9.612136336678827
1.4727130994323419,0.75,9.087005397766
1.4727130994323419,0.8,8.576874458853169
1.4727130994323419,0.8500000000000001,8.08174351994034
1.4727130994323419,0.9000000000000001,7.60161258102751
1.4727130994323419,0.9500000000000002,7.1364816421146795
1.4727130994323419,1,6.6863507032018505
1.5083803732841246,-1,34.88210688630943
1.5083803732841246,-0.95,33.86837631170767
1.5083803732841246,-0.9,32.86964573710591
1.5083803732841246,-0.85,31.885915162504155
1.5083803732841246,-0.8,30.91718458790239
1.5083803732841246,-0.75,29.963454013300634
1.5083803732841246,-0.7,29.02472343869887
1.5083803732841246,-0.6499999999999999,28.10099286409711
1.5083803732841246,-0.6,27.192262289495353
1.5083803732841246,-0.55,26.298531714893592
1.5083803732841246,-0.5,25.419801140291835
1.5083803732841246,-0.44999999999999996,24.55607056569007
1.5083803732841246,-0.3999999999999999,23.707339991088308
1.5083803732841246,-0.35,22.873609416486552
1.5083803732841246,-0.29999999999999993,22.054878841884793
1.5083803732841246,-0.25,21.251148267283032
1.5083803732841246,-0.19999999999999996,20.46241769268127
1.5083803732841246,-0.1499999999999999,19.688687118079507
1.5083803732841246,-0.09999999999999998,18.92995654347775
1.5083803732841246,-0.04999999999999993,18.186225968875988
1.5083803732841246,0,17.457495394274233
1.5083803732841246,0.050000000000000044,16.74376481967247
1.5083803732841246,0.10000000000000009,16.045034245070706
1.5083803732841246,0.15000000000000013,15.36130367046895
1.5083803732841246,0.20000000000000018,14.69257309586719
1.5083803732841246,0.25,14.038842521265432
1.5083803732841246,0.30000000000000004,13.400111946663671
1.5083803732841246,0.3500000000000001,12.776381372061909
1.5083803732841246,0.40000000000000013,12.16765079746015
1.5083803732841246,0.4500000000000002,11.573920222858389
1.5083803732841246,0.5,10.99518964825663
1.5083803732841246,0.55,10.431459073654871
1.5083803732841246,0.6000000000000001,9.882728499053108
1.5083803732841246,0.6500000000000001,9.34899792445135
1.5083803732841246,0.7000000000000002,8.83026734984959
1.5083803732841246,0.75,8.326536775247831
1.5083803732841246,0.8,7.837806200646071
1.5083803732841246,0.8500000000000001,7.364075626044308
1.5083803732841246,0.9000000000000001,6.90534505144255
1.5083803732841246,0.9500000000000002,6.46161447684079
1.5083803732841246,1,6.032883902239033
1.5452592178303695,-1,33.358806241063576
1.5452592178303695,-0.95,32.36720297318956
1.5452592178303695,-0.9,31.39059970531555
1.5452592178303695,-0.85,30.428996437441537
1.5452592178303695,-0.8,29.48239316956752
1.5452592178303695,-0.75,28.55078990169351
1.5452592178303695,-0.7,27.634186633819496
1.5452592178303695,-0.6499999999999999,26.732583365945484
1.5452592178303695,-0.6,25.84598009807147
1.5452592178303695,-0.55,24.974376830197453
1.5452592178303695,-0.5,24.117773562323443
1.5452592178303695,-0.44999999999999996,23.276170294449436
1.5452592178303695,-0.3999999999999999,22.449567026575416
1.5452592178303695,-0.35,21.637963758701403
1.5452592178303695,-0.29999999999999993,20.84136049082739
1.5452592178303695,-0.25,20.059757222953376
1.5452592178303695,-0.19999999999999996,19.293153955079365
1.5452592178303695,-0.1499999999999999,18.541550687205348
1.5452592178303695,-0.09999999999999998,17.804947419331338
1.5452592178303695,-0.04999999999999993,17.08334415145732
1.5452592178303695,0,16.376740883583313
1.5452592178303695,0.050000000000000044,15.685137615709301
1.5452592178303695,0.10000000000000009,15.008534347835283
1.5452592178303695,0.15000000000000013,14.34693107996127
1.5452592178303695,0.20000000000000018,13.700327812087258
1.5452592178303695,0.25,13.068724544213246
1.5452592178303695,0.30000000000000004,12.452121276339234
1.5452592178303695,0.3500000000000001,11.850518008465219
1.5452592178303695,0.40000000000000013,11.263914740591204
1.5452592178303695,0.4500000000000002,10.692311472717194
1.5452592178303695,0.5,10.13570820484318
1.5452592178303695,0.55,9.59410493696917
1.5452592178303695,0.6000000000000001,9.06750166909515
1.5452592178303695,0.6500000000000001,8.555898401221139
1.5452592178303695,0.7000000000000002,8.059295133347128
1.5452592178303695,0.75,7.577691865473115
1.5452592178303695,0.8,7.111088597599104
1.5452592178303695,0.8500000000000001,6.6594853297250864
1.5452592178303695,0.9000000000000001,6.222882061851073
1.5452592178303695,0.9500000000000002,5.801278793977061
1.5452592178303695,1,5.3946755261030495
1.5834219499640663,-1,31.822567006001403
1.5834219499640663,-0.95,30.853861377407608
1.5834219499640663,-0.9,29.900155748813816
1.5834219499640663,-0.85,28.96145012022002
1.5834219499640663,-0.8,28.037744491626228
1.5834219499640663,-0.75,27.129038863032427
1.5834219499640663,-0.7,26.23533323443863
1.5834219499640663,-0.6499999999999999,25.356627605844835
1.5834219499640663,-0.6,24.492921977251044
1.5834219499640663,-0.55,23.64421634865725
1.5834219499640663,-0.5,22.810510720063455
1.5834219499640663,-0.44999999999999996,21.991805091469658
1.5834219499640663,-0.3999999999999999,21.188099462875858
1.5834219499640663,-0.35,20.399393834282066
1.5834219499640663,-0.29999999999999993,19.62568820568827
1.5834219499640663,-0.25,18.86698257709448
1.5834219499640663,-0.19999999999999996,18.12327694850068
1.5834219499640663,-0.1499999999999999,17.394571319906884
1.5834219499640663,-0.09999999999999998,16.68086569131309
1.5834219499640663,-0.04999999999999993,15.982160062719299
1.5834219499640663,0,15.298454434125505
1.5834219499640663,0.050000000000000044,14.629748805531708
1.5834219499640663,0.10000000000000009,13.97604317693791
1.5834219499640663,0.15000000000000013,13.337337548344117
1.5834219499640663,0.20000000000000018,12.713631919750322
1.5834219499640663,0.25,12.104926291156529
1.5834219499640663,0.30000000000000004,11.511220662562733
1.5834219499640663,0.3500000000000001,10.932515033968935
1.5834219499640663,0.40000000000000013,10.368809405375142
1.5834219499640663,0.4500000000000002,9.820103776781348
1.5834219499640663,0.5,9.286398148187555
1.5834219499640663,0.55,8.767692519593757
1.5834219499640663,0.6000000000000001,8.263986890999961
1.5834219499640663,0.6500000000000001,7.775281262406167
1.5834219499640663,0.7000000000000002,7.301575633812373
1.5834219499640663,0.75,6.842870005218579
1.5834219499640663,0.8,6.399164376624783
1.5834219499640663,0.8500000000000001,5.970458748030985
1.5834219499640663,0.9000000000000001,5.556753119437191
1.5834219499640663,0.9500000000000002,5.158047490843396
1.5834219499640663,1,4.774341862249605
1.622946663604653,-1,30.27448929725697
1.622946663604653,-0.95,29.329498496847528
1.622946663604653,-0.9,28.399507696438086
1.622946663604653,-0.85,27.484516896028637
1.622946663604653,-0.8,26.584526095619196
1.622946663604653,-0.75,25.699535295209753
1.622946663604653,-0.7,24.82954449480031
1.622946663604653,-0.6499999999999999,23.974553694390863
1.622946663604653,-0.6,23.134562893981425
1.622946663604653,-0.55,22.309572093571983
1.622946663604653,-0.5,21.499581293162542
1.622946663604653,-0.44999999999999996,20.7045904927531
1.622946663604653,-0.3999999999999999,19.924599692343648
1.622946663604653,-0.35,19.159608891934205
1.622946663604653,-0.29999999999999993,18.409618091524766
1.622946663604653,-0.25,17.674627291115325
1.622946663604653,-0.19999999999999996,16.95463649070588
1.622946663604653,-0.1499999999999999,16.249645690296433
1.622946663604653,-0.09999999999999998,15.559654889886993
1.622946663604653,-0.04999999999999993,14.884664089477551
1.622946663604653,0,14.224673289068111
1.622946663604653,0.050000000000000044,13.579682488658666
1.622946663604653,0.10000000000000009,12.94969168824922
1.622946663604653,0.15000000000000013,12.334700887839778
1.622946663604653,0.20000000000000018,11.734710087430337
1.622946663604653,0.25,11.149719287020893
1.622946663604653,0.30000000000000004,10.579728486611451
1.622946663604653,0.3500000000000001,10.024737686202005
1.622946663604653,0.40000000000000013,9.484746885792564
1.622946663604653,0.4500000000000002,8.959756085383122
1.622946663604653,0.5,8.44976528497368
1.622946663604653,0.55,7.954774484564236
1.622946663604653,0.6000000000000001,7.47478368415479
1.622946663604653,0.6500000000000001,7.00979288374535
1.622946663604653,0.7000000000000002,6.5598020833359065
1.622946663604653,0.75,6.124811282926466
1.622946663604653,0.8,5.704820482517022
1.622946663604653,0.8500000000000001,5.2998296821075765
1.622946663604653,0.9000000000000001,4.909838881698135
1.622946663604653,0.9500000000000002,4.534848081288691
1.622946663604653,1,4.174857280879252
1.663917821026546,-1,28.715930366120823
1.663917821026546,-0.95,27.795522260164518
1.663917821026546,-0.9,26.890114154208213
1.663917821026546,-0.85,25.999706048251902
1.663917821026546,-0.8,25.12429794229559
1.663917821026546,-0.75,24.26388983633929
1.663917821026546,-0.7,23.418481730382986
1.663917821026546,-0.6499999999999999,22.588073624426677
1.663917821026546,-0.6,21.772665518470365
1.663917821026546,-0.55,20.972257412514058
1.663917821026546,-0.5,20.186849306557754
1.663917821026546,-0.44999999999999996,19.416441200601447
1.663917821026546,-0.3999999999999999,18.661033094645138
1.663917821026546,-0.35,17.92062498868883
1.663917821026546,-0.29999999999999993,17.19521688273252
1.663917821026546,-0.25,16.484808776776216
1.663917821026546,-0.19999999999999996,15.789400670819912
1.663917821026546,-0.1499999999999999,15.108992564863602
1.663917821026546,-0.09999999999999998,14.443584458907294
1.663917821026546,-0.04999999999999993,13.793176352950987
1.663917821026546,0,13.15776824699468
1.663917821026546,0.050000000000000044,12.537360141038373
1.663917821026546,0.10000000000000009,11.931952035082066
1.663917821026546,0.15000000000000013,11.341543929125756
1.663917821026546,0.20000000000000018,10.76613582316945
1.663917821026546,0.25,10.205727717213144
1.663917821026546,0.30000000000000004,9.660319611256838
1.663917821026546,0.3500000000000001,9.12991150530053
1.663917821026546,0.40000000000000013,8.614503399344219
1.663917821026546,0.4500000000000002,8.114095293387914
1.663917821026546,0.5,7.628687187431607
1.663917821026546,0.55,7.158279081475302
1.663917821026546,0.6000000000000001,6.7028709755189935
1.663917821026546,0.6500000000000001,6.262462869562683
1.663917821026546,0.7000000000000002,5.837054763606377
1.663917821026546,0.75,5.426646657650071
1.663917821026546,0.8,5.031238551693766
1.663917821026546,0.8500000000000001,4.6508304457374585
1.663917821026546,0.9000000000000001,4.285422339781148
1.663917821026546,0.9500000000000002,3.9350142338248415
1.663917821026546,1,3.599606127868535
1.706426918281353,-1,27.1485489829961
1.706426918281353,-0.95,26.253646335392673
1.706426918281353,-0.9,25.37374368778925
1.706426918281353,-0.85,24.50884104018583
1.706426918281353,-0.8,23.658938392582407
1.706426918281353,-0.75,22.824035744978985
1.706426918281353,-0.7,22.004133097375558
1.706426918281353,-0.6499999999999999,21.199230449772138
1.706426918281353,-0.6,20.40932780216871
1.706426918281353,-0.55,19.634425154565292
1.706426918281353,-0.5,18.87452250696187
1.706426918281353,-0.44999999999999996,18.129619859358446
1.706426918281353,-0.3999999999999999,17.39971721175502
1.706426918281353,-0.35,16.684814564151598
1.706426918281353,-0.29999999999999993,15.984911916548175
1.706426918281353,-0.25,15.300009268944754
1.706426918281353,-0.19999999999999996,14.63010662134133
1.706426918281353,-0.1499999999999999,13.975203973737909
1.706426918281353,-0.09999999999999998,13.33530132613448
1.706426918281353,-0.04999999999999993,12.71039867853106
1.706426918281353,0,12.100496030927637
1.706426918281353,0.050000000000000044,11.505593383324214
1.706426918281353,0.10000000000000009,10.925690735720792
1.706426918281353,0.15000000000000013,10.360788088117367
1.706426918281353,0.20000000000000018,9.810885440513944
1.706426918281353,0.25,9.275982792910524
1.706426918281353,0.30000000000000004,8.756080145307099
1.706426918281353,0.3500000000000001,8.251177497703676
1.706426918281353,0.40000000000000013,7.761274850100253
1.706426918281353,0.4500000000000002,7.28637220249683
1.706426918281353,0.5,6.826469554893409
1.706426918281353,0.55,6.381566907289985
1.706426918281353,0.6000000000000001,5.951664259686561
1.706426918281353,0.6500000000000001,5.536761612083137
1.706426918281353,0.7000000000000002,5.136858964479714
1.706426918281353,0.75,4.751956316876294
1.706426918281353,0.8,4.382053669272869
1.706426918281353,0.8500000000000001,4.027151021669447
1.706426918281353,0.9000000000000001,3.687248374066023
1.706426918281353,0.9500000000000002,3.362345726462599
1.706426918281353,1,3.052443078859179
1.7505732357781068,-1,25.57435780060724
1.7505732357781068,-0.95,24.705942943501867
1.7505732357781068,-0.9,23.852528086396497
1.7505732357781068,-0.85,23.014113229291123
1.7505732357781068,-0.8,22.190698372185754
1.7505732357781068,-0.75,21.382283515080385
1.7505732357781068,-0.7,20.588868657975013
1.7505732357781068,-0.6499999999999999,19.81045380086964
1.7505732357781068,-0.6,19.04703894376427
1.7505732357781068,-0.55,18.2986240866589
1.7505732357781068,-0.5,17.56520922955353
1.7505732357781068,-0.44999999999999996,16.84679437244816
1.7505732357781068,-0.3999999999999999,16.143379515342787
1.7505732357781068,-0.35,15.454964658237415
1.7505732357781068,-0.29999999999999993,14.781549801132044
1.7505732357781068,-0.25,14.123134944026678
1.7505732357781068,-0.19999999999999996,13.479720086921304
1.7505732357781068,-0.1499999999999999,12.851305229815935
1.7505732357781068,-0.09999999999999998,12.237890372710561
1.7505732357781068,-0.04999999999999993,11.639475515605191
1.7505732357781068,0,11.056060658499822
1.7505732357781068,0.050000000000000044,10.48764580139445
1.7505732357781068,0.10000000000000009,9.93423094428908
1.7505732357781068,0.15000000000000013,9.395816087183707
1.7505732357781068,0.20000000000000018,8.872401230078337
1.7505732357781068,0.25,8.363986372972969
1.7505732357781068,0.30000000000000004,7.870571515867597
1.7505732357781068,0.3500000000000001,7.392156658762226
1.7505732357781068,0.40000000000000013,6.928741801656855
1.7505732357781068,0.4500000000000002,6.480326944551484
1.7505732357781068,0.5,6.046912087446117
1.7505732357781068,0.55,5.628497230340743
1.7505732357781068,0.6000000000000001,5.225082373235373
1.7505732357781068,0.6500000000000001,4.836667516130001
1.7505732357781068,0.7000000000000002,4.463252659024629
1.7505732357781068,0.75,4.104837801919262
1.7505732357781068,0.8,3.76142294481389
1.7505732357781068,0.8500000000000001,3.4330080877085196
1.7505732357781068,0.9000000000000001,3.1195932306031477
1.7505732357781068,0.9500000000000002,2.8211783734977764
1.7505732357781068,1,2.5377635163924084
1.7964646870151957,-1,23.99578527203679
1.7964646870151957,-0.95,23.154905285673674
1.7964646870151957,-0.9,22.32902529931056
1.7964646870151957,-0.85,21.51814531294744
1.7964646870151957,-0.8,20.72226532658432
1.7964646870151957,-0.75,19.941385340221203
1.7964646870151957,-0.7,19.175505353858085
1.7964646870151957,-0.6499999999999999,18.42462536749497
1.7964646870151957,-0.6,17.688745381131852
1.7964646870151957,-0.55,16.967865394768733
1.7964646870151957,-0.5,16.261985408405618
1.7964646870151957,-0.44999999999999996,15.5711054220425
1.7964646870151957,-0.3999999999999999,14.895225435679384
1.7964646870151957,-0.35,14.234345449316265
1.7964646870151957,-0.29999999999999993,13.588465462953145
1.7964646870151957,-0.25,12.95758547659003
1.7964646870151957,-0.19999999999999996,12.341705490226914
1.7964646870151957,-0.1499999999999999,11.740825503863796
1.7964646870151957,-0.09999999999999998,11.154945517500678
1.7964646870151957,-0.04999999999999993,10.58406553113756
1.7964646870151957,0,10.028185544774443
1.7964646870151957,0.050000000000000044,9.487305558411327
1.7964646870151957,0.10000000000000009,8.96142557204821
1.7964646870151957,0.15000000000000013,8.450545585685088
1.7964646870151957,0.20000000000000018,7.954665599321972
1.7964646870151957,0.25,7.473785612958858
1.7964646870151957,0.30000000000000004,7.00790562659574
1.7964646870151957,0.3500000000000001,6.557025640232622
1.7964646870151957,0.40000000000000013,6.121145653869504
1.7964646870151957,0.4500000000000002,5.700265667506386
1.7964646870151957,0.5,5.29438568114327
1.7964646870151957,0.55,4.903505694780153
1.7964646870151957,0.6000000000000001,4.527625708417036
1.7964646870151957,0.6500000000000001,4.166745722053917
1.7964646870151957,0.7000000000000002,3.8208657356908
1.7964646870151957,0.75,3.489985749327684
1.7964646870151957,0.8,3.1741057629645666
1.7964646870151957,0.8500000000000001,2.8732257766014486
1.7964646870151957,0.9000000000000001,2.5873457902383308
1.7964646870151957,0.9500000000000002,2.316465803875213
1.7964646870151957,1,2.060585817512097
1.844218780773959,-1,22.415749045297954
1.844218780773959,-0.95,21.603521515190096
1.844218780773959,-0.9,20.806293985082235
1.844218780773959,-0.85,20.024066454974374
1.844218780773959,-0.8,19.256838924866514
1.844218780773959,-0.75,18.504611394758655
1.844218780773959,-0.7,17.7673838646508
1.844218780773959,-0.6499999999999999,17.045156334542938
1.844218780773959,-0.6,16.337928804435077
1.844218780773959,-0.55,15.645701274327216
1.844218780773959,-0.5,14.96847374421936
1.844218780773959,-0.44999999999999996,14.306246214111503
1.844218780773959,-0.3999999999999999,13.659018684003643
1.844218780773959,-0.35,13.02679115389578
1.844218780773959,-0.29999999999999993,12.409563623787921
1.844218780773959,-0.25,11.807336093680062
1.844218780773959,-0.19999999999999996,11.220108563572206
1.844218780773959,-0.1499999999999999,10.647881033464344
1.844218780773959,-0.09999999999999998,10.090653503356483
1.844218780773959,-0.04999999999999993,9.548425973248623
1.844218780773959,0,9.021198443140765
1.844218780773959,0.050000000000000044,8.508970913032908
1.844218780773959,0.10000000000000009,8.011743382925047
1.844218780773959,0.15000000000000013,7.529515852817184
1.844218780773959,0.20000000000000018,7.062288322709326
1.844218780773959,0.25,6.610060792601468
1.844218780773959,0.30000000000000004,6.172833262493611
1.844218780773959,0.3500000000000001,5.7506057323857505
1.844218780773959,0.40000000000000013,5.343378202277886
1.844218780773959,0.4500000000000002,4.951150672170029
1.844218780773959,0.5,4.573923142062171
1.844218780773959,0.55,4.211695611954313
1.844218780773959,0.6000000000000001,3.8644680818464536
1.844218780773959,0.6500000000000001,3.53224055173859
1.844218780773959,0.7000000000000002,3.2150130216307327
1.844218780773959,0.75,2.9127854915228735
1.844218780773959,0.8,2.6255579614150153
1.844218780773959,0.8500000000000001,2.353330431307156
1.844218780773959,0.9000000000000001,2.096102901199294
1.844218780773959,0.9500000000000002,1.853875371091435
1.844218780773959,1,1.6266478409835765
1.8939637148752964,-1,20.83774318697261
1.8939637148752964,-0.95,20.05536261732555
1.8939637148752964,-0.9,19.287982047678497
1.8939637148752964,-0.85,18.535601478031438
1.8939637148752964,-0.8,17.798220908384383
1.8939637148752964,-0.75,17.075840338737326
1.8939637148752964,-0.7,16.368459769090265
1.8939637148752964,-0.6499999999999999,15.676079199443205
1.8939637148752964,-0.6,14.998698629796152
1.8939637148752964,-0.55,14.336318060149097
1.8939637148752964,-0.5,13.68893749050204
1.8939637148752964,-0.44999999999999996,13.05655692085498
1.8939637148752964,-0.3999999999999999,12.439176351207921
1.8939637148752964,-0.35,11.836795781560868
1.8939637148752964,-0.29999999999999993,11.24941521191381
1.8939637148752964,-0.25,10.677034642266754
1.8939637148752964,-0.19999999999999996,10.119654072619696
1.8939637148752964,-0.1499999999999999,9.577273502972638
1.8939637148752964,-0.09999999999999998,9.049892933325582
1.8939637148752964,-0.04999999999999993,8.537512363678527
1.8939637148752964,0,8.04013179403147
1.8939637148752964,0.050000000000000044,7.557751224384412
1.8939637148752964,0.10000000000000009,7.090370654737352
1.8939637148752964,0.15000000000000013,6.637990085090298
1.8939637148752964,0.20000000000000018,6.200609515443241
1.8939637148752964,0.25,5.778228945796187
1.8939637148752964,0.30000000000000004,5.3708483761491275
1.8939637148752964,0.3500000000000001,4.978467806502069
1.8939637148752964,0.40000000000000013,4.601087236855013
1.8939637148752964,0.4500000000000002,4.238706667207955
1.8939637148752964,0.5,3.8913260975609014
1.8939637148752964,0.55,3.5589455279138424
1.8939637148752964,0.6000000000000001,3.241564958266784
1.8939637148752964,0.6500000000000001,2.9391843886197284
1.8939637148752964,0.7000000000000002,2.6518038189726703
1.8939637148752964,0.75,2.379423249325616
1.8939637148752964,0.8,2.1220426796785574
1.8939637148752964,0.8500000000000001,1.8796621100314994
1.8939637148752964,0.9000000000000001,1.6522815403844433
1.8939637148752964,0.9500000000000002,1.4399009707373858
1.8939637148752964,1,1.242520401090331
1.9458396229779178,-1,19.265942125976057
1.9458396229779178,-0.95,18.51468710119057
1.9458396229779178,-0.9,17.77843207640509
1.9458396229779178,-0.85,17.057177051619604
1.9458396229779178,-0.8,16.35092202683412
1.9458396229779178,-0.75,15.659667002048636
1.9458396229779178,-0.7,14.98341197726315
1.9458396229779178,-0.6499999999999999,14.322156952477663
1.9458396229779178,-0.6,13.675901927692182
1.9458396229779178,-0.55,13.044646902906699
1.9458396229779178,-0.5,12.428391878121216
1.9458396229779178,-0.44999999999999996,11.82713685333573
1.9458396229779178,-0.3999999999999999,11.240881828550243
1.9458396229779178,-0.35,10.66962680376476
1.9458396229779178,-0.29999999999999993,10.113371778979277
1.9458396229779178,-0.25,9.572116754193795
1.9458396229779178,-0.19999999999999996,9.04586172940831
1.9458396229779178,-0.1499999999999999,8.534606704622824
1.9458396229779178,-0.09999999999999998,8.03835167983734
1.9458396229779178,-0.04999999999999993,7.557096655051857
1.9458396229779178,0,7.0908416302663735
1.9458396229779178,0.050000000000000044,6.639586605480888
1.9458396229779178,0.10000000000000009,6.203331580695402
1.9458396229779178,0.15000000000000013,5.78207655590992
1.9458396229779178,0.20000000000000018,5.375821531124435
1.9458396229779178,0.25,4.984566506338955
1.9458396229779178,0.30000000000000004,4.608311481553468
1.9458396229779178,0.3500000000000001,4.247056456767982
1.9458396229779178,0.40000000000000013,3.9008014319824995
1.9458396229779178,0.4500000000000002,3.5695464071970147
1.9458396229779178,0.5,3.253291382411534
1.9458396229779178,0.55,2.9520363576260475
1.9458396229779178,0.6000000000000001,2.665781332840562
1.9458396229779178,0.6500000000000001,2.394526308055079
1.9458396229779178,0.7000000000000002,2.1382712832695945
1.9458396229779178,0.75,1.8970162584841128
1.9458396229779178,0.8,1.6707612336986273
1.9458396229779178,0.8500000000000001,1.4595062089131423
1.9458396229779178,0.9000000000000001,1.263251184127659
1.9458396229779178,0.9500000000000002,1.0819961593421745
1.9458396229779178,1,0.915741134556692
2.000000000000001,-1,17.705324884692125
2.000000000000001,-0.95,16.986566086119893
2.000000000000001,-0.9,16.28280728754766
2.000000000000001,-0.85,15.594048488975421
2.000000000000001,-0.8,14.920289690403184
2.000000000000001,-0.75,14.261530891830954
2.000000000000001,-0.7,13.61777209325872
2.000000000000001,-0.6499999999999999,12.989013294686483
2.000000000000001,-0.6,12.37525449611425
2.000000000000001,-0.55,11.776495697542014
2.000000000000001,-0.5,11.19273689896978
2.000000000000001,-0.44999999999999996,10.623978100397549
2.000000000000001,-0.3999999999999999,10.070219301825311
2.000000000000001,-0.35,9.53146050325308
2.000000000000001,-0.29999999999999993,9.007701704680843
2.000000000000001,-0.25,8.49894290610861
2.000000000000001,-0.19999999999999996,8.005184107536376
2.000000000000001,-0.1499999999999999,7.526425308964141
2.000000000000001,-0.09999999999999998,7.062666510391907
2.000000000000001,-0.04999999999999993,6.613907711819671
2.000000000000001,0,6.1801489132474385
2.000000000000001,0.050000000000000044,5.761390114675207
2.000000000000001,0.10000000000000009,5.357631316102969
2.000000000000001,0.15000000000000013,4.968872517530733
2.000000000000001,0.20000000000000018,4.5951137189585
2.000000000000001,0.25,4.236354920386268
2.000000000000001,0.30000000000000004,3.892596121814035
2.000000000000001,0.3500000000000001,3.5638373232417986
2.000000000000001,0.40000000000000013,3.2500785246695627
2.000000000000001,0.4500000000000002,2.9513197260973296
2.000000000000001,0.5,2.667560927525096
2.000000000000001,0.55,2.398802128952863
2.000000000000001,0.6000000000000001,2.1450433303806276
2.000000000000001,0.6500000000000001,1.9062845318083916
2.000000000000001,0.7000000000000002,1.6825257332361583
2.000000000000001,0.75,1.4737669346639248
2.000000000000001,0.8,1.2800081360916913
2.000000000000001,0.8500000000000001,1.1012493375194563
2.000000000000001,0.9000000000000001,0.9374905389472211
2.000000000000001,0.9500000000000002,0.7887317403749873
2.000000000000001,1,0.65497294180275345
2.0566133367524775,-1,16.16182401772756
2.0566133367524775,-0.95,15.477033221206812
2.0566133367524775,-0.9,14.807242424686065
2.0566133367524775,-0.85,14.152451628165316
2.0566133367524775,-0.8,13.512660831644567
2.0566133367524775,-0.75,12.88787003512382
2.0566133367524775,-0.7,12.27807923860307
2.0566133367524775,-0.6499999999999999,11.683288442082322
2.0566133367524775,-0.6,11.103497645561573
2.0566133367524775,-0.55,10.538706849040826
2.0566133367524775,-0.5,9.988916052520077
2.0566133367524775,-0.44999999999999996,9.454125255999328
2.0566133367524775,-0.3999999999999999,8.934334459478581
2.0566133367524775,-0.35,8.429543662957833
2.0566133367524775,-0.29999999999999993,7.9397528664370824
2.0566133367524775,-0.25,7.464962069916336
2.0566133367524775,-0.19999999999999996,7.005171273395589
2.0566133367524775,-0.1499999999999999,6.56038047687484
2.0566133367524775,-0.09999999999999998,6.13058968035409
2.0566133367524775,-0.04999999999999993,5.715798883833341
2.0566133367524775,0,5.3160080873125946
2.0566133367524775,0.050000000000000044,4.931217290791846
2.0566133367524775,0.10000000000000009,4.561426494271097
2.0566133367524775,0.15000000000000013,4.2066356977503485
2.0566133367524775,0.20000000000000018,3.8668449012296002
2.0566133367524775,0.25,3.542054104708853
2.0566133367524775,0.30000000000000004,3.232263308188105
2.0566133367524775,0.3500000000000001,2.937472511667356
2.0566133367524775,0.40000000000000013,2.6576817151466074
2.0566133367524775,0.4500000000000002,2.392890918625859
2.0566133367524775,0.5,2.143100122105112
2.0566133367524775,0.55,1.9083093255843635
2.0566133367524775,0.6000000000000001,1.6885185290636144
2.0566133367524775,0.6500000000000001,1.4837277325428664
2.0566133367524775,0.7000000000000002,1.293936936022118
2.0566133367524775,0.75,1.1191461395013704
2.0566133367524775,0.8,0.959355342980622
2.0566133367524775,0.8500000000000001,0.8145645464598732
2.0566133367524775,0.9000000000000001,0.6847737499391253
2.0566133367524775,0.9500000000000002,0.5699829534183769
2.0566133367524775,1,0.470192156897629
2.1158650005086317,-1,14.642504759880858
2.1158650005086317,-0.95,13.993264961613804
2.1158650005086317,-0.9,13.359025163346747
2.1158650005086317,-0.85,12.73978536507969
2.1158650005086317,-0.8,12.135545566812631
2.1158650005086317,-0.75,11.54630576854558
2.1158650005086317,-0.7,10.972065970278525
2.1158650005086317,-0.6499999999999999,10.412826172011464
2.1158650005086317,-0.6,9.868586373744412
2.1158650005086317,-0.55,9.339346575477354
2.1158650005086317,-0.5,8.8251067772103
2.1158650005086317,-0.44999999999999996,8.325866978943244
2.1158650005086317,-0.3999999999999999,7.841627180676186
2.1158650005086317,-0.35,7.372387382409132
2.1158650005086317,-0.29999999999999993,6.9181475841420745
2.1158650005086317,-0.25,6.47890778587502
2.1158650005086317,-0.19999999999999996,6.0546679876079645
2.1158650005086317,-0.1499999999999999,5.645428189340908
2.1158650005086317,-0.09999999999999998,5.2511883910738515
2.1158650005086317,-0.04999999999999993,4.871948592806795
2.1158650005086317,0,4.507708794539742
2.1158650005086317,0.050000000000000044,4.158468996272687
2.1158650005086317,0.10000000000000009,3.8242291980056295
2.1158650005086317,0.15000000000000013,3.504989399738572
2.1158650005086317,0.20000000000000018,3.200749601471517
2.1158650005086317,0.25,2.9115098032044626
2.1158650005086317,0.30000000000000004,2.6372700049374074
2.1158650005086317,0.3500000000000001,2.3780302066703505
2.1158650005086317,0.40000000000000013,2.1337904084032933
2.1158650005086317,0.4500000000000002,1.9045506101362384
2.1158650005086317,0.5,1.6903108118691834
2.1158650005086317,0.55,1.4910710136021283
2.1158650005086317,0.6000000000000001,1.3068312153350718
2.1158650005086317,0.6500000000000001,1.1375914170680148
2.1158650005086317,0.7000000000000002,0.9833516188009597
2.1158650005086317,0.75,0.8441118205339044
2.1158650005086317,0.8,0.7198720222668491
2.1158650005086317,0.8500000000000001,0.6106322239997929
2.1158650005086317,0.9000000000000001,0.5163924257327364
2.1158650005086317,0.9500000000000002,0.437152627465681
2.1158650005086317,1,0.37291282919862545
2.17795940579161,-1,13.155781262801266
2.17795940579161,-0.95,12.543798107703998
2.17795940579161,-0.9,11.94681495260673
2.17795940579161,-0.85,11.36483179750946
2.17795940579161,-0.8,10.797848642412191
2.17795940579161,-0.75,10.245865487314923
2.17795940579161,-0.7,9.708882332217653
2.17795940579161,-0.6499999999999999,9.186899177120385
2.17795940579161,-0.6,8.679916022023116
2.17795940579161,-0.55,8.187932866925848
2.17795940579161,-0.5,7.7109497118285795
2.17795940579161,-0.44999999999999996,7.24896655673131
2.17795940579161,-0.3999999999999999,6.8019834016340415
2.17795940579161,-0.35,6.370000246536771
2.17795940579161,-0.29999999999999993,5.953017091439502
2.17795940579161,-0.25,5.551033936342235
2.17795940579161,-0.19999999999999996,5.164050781244967
2.17795940579161,-0.1499999999999999,4.7920676261476975
2.17795940579161,-0.09999999999999998,4.435084471050428
2.17795940579161,-0.04999999999999993,4.0931013159531595
2.17795940579161,0,3.766118160855892
2.17795940579161,0.050000000000000044,3.454135005758623
2.17795940579161,0.10000000000000009,3.1571518506613536
2.17795940579161,0.15000000000000013,2.875168695564085
2.17795940579161,0.20000000000000018,2.6081855404668155
2.17795940579161,0.25,2.356202385369548
2.17795940579161,0.30000000000000004,2.119219230272279
2.17795940579161,0.3500000000000001,1.89723607517501
2.17795940579161,0.40000000000000013,1.6902529200777414
2.17795940579161,0.4500000000000002,1.4982697649804724
2.17795940579161,0.5,1.3212866098832046
2.17795940579161,0.55,1.1593034547859353
2.17795940579161,0.6000000000000001,1.0123202996886662
2.17795940579161,0.6500000000000001,0.8803371445913981
2.17795940579161,0.7000000000000002,0.763353989494129
2.17795940579161,0.75,0.6613708343968607
2.17795940579161,0.8,0.5743876792995917
2.17795940579161,0.8500000000000001,0.5024045242023227
2.17795940579161,0.9000000000000001,0.4454213691050547
2.17795940579161,0.9500000000000002,0.40343821400778573
2.17795940579161,1,0.3764550589105171
2.2431225290140286,-1,11.711678565030262
2.2431225290140286,-0.95,11.138793283866447
2.2431225290140286,-0.9,10.580908002702627
2.2431225290140286,-0.85,10.038022721538809
2.2431225290140286,-0.8,9.51013744037499
2.2431225290140286,-0.75,8.997252159211174
2.2431225290140286,-0.7,8.499366878047358
2.2431225290140286,-0.6499999999999999,8.016481596883539
2.2431225290140286,-0.6,7.548596315719721
2.2431225290140286,-0.55,7.095711034555903
2.2431225290140286,-0.5,6.6578257533920855
2.2431225290140286,-0.44999999999999996,6.234940472228269
2.2431225290140286,-0.3999999999999999,5.827055191064451
2.2431225290140286,-0.35,5.434169909900632
2.2431225290140286,-0.29999999999999993,5.0562846287368135
2.2431225290140286,-0.25,4.693399347572997
2.2431225290140286,-0.19999999999999996,4.345514066409182
2.2431225290140286,-0.1499999999999999,4.012628785245363
2.2431225290140286,-0.09999999999999998,3.6947435040815444
2.2431225290140286,-0.04999999999999993,3.391858222917726
2.2431225290140286,0,3.1039729417539097
2.2431225290140286,0.050000000000000044,2.831087660590093
2.2431225290140286,0.10000000000000009,2.573202379426275
2.2431225290140286,0.15000000000000013,2.330317098262455
2.2431225290140286,0.20000000000000018,2.1024318170986382
2.2431225290140286,0.25,1.8895465359348214
2.2431225290140286,0.30000000000000004,1.6916612547710044
2.2431225290140286,0.3500000000000001,1.5087759736071864
2.2431225290140286,0.40000000000000013,1.3408906924433672
2.2431225290140286,0.4500000000000002,1.1880054112795504
2.2431225290140286,0.5,1.0501201301157332
2.2431225290140286,0.55,0.9272348489519161
2.2431225290140286,0.6000000000000001,0.819349567788098
2.2431225290140286,0.6500000000000001,0.7264642866242799
2.2431225290140286,0.7000000000000002,0.6485790054604625
2.2431225290140286,0.75,0.5856937242966452
2.2431225290140286,0.8,0.5378084431328277
2.2431225290140286,0.8500000000000001,0.5049231619690097
2.2431225290140286,0.9000000000000001,0.4870378808051922
2.2431225290140286,0.9500000000000002,0.4841525996413747
2.2431225290140286,1,0.4962673184775571
2.311604832238899,-1,10.32215121440253
2.311604832238899,-0.95,9.790355315173636
2.311604832238899,-0.9,9.273559415944739
2.311604832238899,-0.85,8.771763516715843
2.311604832238899,-0.8,8.284967617486945
2.311604832238899,-0.75,7.813171718258052
2.311604832238899,-0.7,7.356375819029159
2.311604832238899,-0.6499999999999999,6.9145799198002615
2.311604832238899,-0.6,6.4877840205713655
2.311604832238899,-0.55,6.075988121342472
2.311604832238899,-0.5,5.679192222113576
2.311604832238899,-0.44999999999999996,5.297396322884682
2.311604832238899,-0.3999999999999999,4.930600423655786
2.311604832238899,-0.35,4.578804524426889
2.311604832238899,-0.29999999999999993,4.242008625197994
2.311604832238899,-0.25,3.9202127259690998
2.311604832238899,-0.19999999999999996,3.6134168267402056
2.311604832238899,-0.1499999999999999,3.3216209275113098
2.311604832238899,-0.09999999999999998,3.044825028282413
2.311604832238899,-0.04999999999999993,2.783029129053517
2.311604832238899,0,2.536233229824623
2.311604832238899,0.050000000000000044,2.304437330595728
2.311604832238899,0.10000000000000009,2.0876414313668326
2.311604832238899,0.15000000000000013,1.8858455321379355
2.311604832238899,0.20000000000000018,1.699049632909041
2.311604832238899,0.25,1.5272537336801462
2.311604832238899,0.30000000000000004,1.3704578344512515
2.311604832238899,0.3500000000000001,1.2286619352223553
2.311604832238899,0.40000000000000013,1.1018660359934596
2.311604832238899,0.4500000000000002,0.9900701367645645
2.311604832238899,0.5,0.8932742375356696
2.311604832238899,0.55,0.8114783383067744
2.311604832238899,0.6000000000000001,0.7446824390778787
2.311604832238899,0.6500000000000001,0.6928865398489832
2.311604832238899,0.7000000000000002,0.6560906406200882
2.311604832238899,0.75,0.6342947413911928
2.311604832238899,0.8,0.6274988421622976
2.311604832238899,0.8500000000000001,0.6357029429334016
2.311604832238899,0.9000000000000001,0.658907043704507
2.311604832238899,0.9500000000000002,0.6971111444756117
2.311604832238899,1,0.7503152452467162
2.3836846758848345,-1,9.001472409447775
2.3836846758848345,-0.95,8.51292441640644
2.3836846758848345,-0.9,8.039376423365105
2.3836846758848345,-0.85,7.580828430323772
2.3836846758848345,-0.8,7.137280437282438
2.3836846758848345,-0.75,6.708732444241102
2.3836846758848345,-0.7,6.29518445119977
2.3836846758848345,-0.6499999999999999,5.896636458158434
2.3836846758848345,-0.6,5.5130884651171
2.3836846758848345,-0.55,5.144540472075765
2.3836846758848345,-0.5,4.790992479034432
2.3836846758848345,-0.44999999999999996,4.452444485993098
2.3836846758848345,-0.3999999999999999,4.128896492951763
2.3836846758848345,-0.35,3.8203484999104287
2.3836846758848345,-0.29999999999999993,3.5268005068690944
2.3836846758848345,-0.25,3.248252513827761
2.3836846758848345,-0.19999999999999996,2.9847045207864262
2.3836846758848345,-0.1499999999999999,2.736156527745092
2.3836846758848345,-0.09999999999999998,2.502608534703758
2.3836846758848345,-0.04999999999999993,2.2840605416624236
2.3836846758848345,0,2.08051254862109
2.3836846758848345,0.050000000000000044,1.8919645555797555
2.3836846758848345,0.10000000000000009,1.718416562538421
2.3836846758848345,0.15000000000000013,1.5598685694970875
2.3836846758848345,0.20000000000000018,1.416320576455753
2.3836846758848345,0.25,1.2877725834144194
2.3836846758848345,0.30000000000000004,1.1742245903730846
2.3836846758848345,0.3500000000000001,1.0756765973317501
2.3836846758848345,0.40000000000000013,0.9921286042904169
2.3836846758848345,0.4500000000000002,0.9235806112490823
2.3836846758848345,0.5,0.8700326182077484
2.3836846758848345,0.55,0.8314846251664136
2.3836846758848345,0.6000000000000001,0.8079366321250794
2.3836846758848345,0.6500000000000001,0.7993886390837464
2.3836846758848345,0.7000000000000002,0.8058406460424117
2.3836846758848345,0.75,0.8272926530010775
2.3836846758848345,0.8,0.8637446599597427
2.3836846758848345,0.8500000000000001,0.9151966669184087
2.3836846758848345,0.9000000000000001,0.9816486738770758
2.3836846758848345,0.9500000000000002,1.0631006808357395
2.3836846758848345,1,1.1595526877944065
2.4596723185077454,-1,7.766711370887591
2.4596723185077454,-0.95,7.323755963420003
2.4596723185077454,-0.9,6.895800555952417
2.4596723185077454,-0.85,6.482845148484826
2.4596723185077454,-0.8,6.08488974101724
2.4596723185077454,-0.75,5.701934333549653
2.4596723185077454,-0.7,5.333978926082065
2.4596723185077454,-0.6499999999999999,4.981023518614476
2.4596723185077454,-0.6,4.6430681111468886
2.4596723185077454,-0.55,4.320112703679302
2.4596723185077454,-0.5,4.012157296211715
2.4596723185077454,-0.44999999999999996,3.7192018887441263
2.4596723185077454,-0.3999999999999999,3.4412464812765386
2.4596723185077454,-0.35,3.178291073808951
2.4596723185077454,-0.29999999999999993,2.930335666341363
2.4596723185077454,-0.25,2.697380258873776
2.4596723185077454,-0.19999999999999996,2.479424851406188
2.4596723185077454,-0.1499999999999999,2.2764694439386
2.4596723185077454,-0.09999999999999998,2.0885140364710133
2.4596723185077454,-0.04999999999999993,1.9155586290034252
2.4596723185077454,0,1.7576032215358384
2.4596723185077454,0.050000000000000044,1.61464781406825
2.4596723185077454,0.10000000000000009,1.4866924066006622
2.4596723185077454,0.15000000000000013,1.3737369991330757
2.4596723185077454,0.20000000000000018,1.2757815916654873
2.4596723185077454,0.25,1.1928261841979
2.4596723185077454,0.30000000000000004,1.1248707767303119
2.4596723185077454,0.3500000000000001,1.0719153692627241
2.4596723185077454,0.40000000000000013,1.0339599617951378
2.4596723185077454,0.4500000000000002,1.0110045543275494
2.4596723185077454,0.5,1.0030491468599618
2.4596723185077454,0.55,1.0100937393923737
2.4596723185077454,0.6000000000000001,1.032138331924786
2.4596723185077454,0.6500000000000001,1.0691829244571998
2.4596723185077454,0.7000000000000002,1.1212275169896133
2.4596723185077454,0.75,1.188272109522024
2.4596723185077454,0.8,1.2703167020544373
2.4596723185077454,0.8500000000000001,1.367361294586848
2.4596723185077454,0.9000000000000001,1.4794058871192621
2.4596723185077454,0.9500000000000002,1.6064504796516756
2.4596723185077454,1,1.7484950721840855
2.5399146249645765,-1,6.6383217016553315
2.5399146249645765,-0.95,6.243511678061844
2.5399146249645765,-0.9,5.863701654468356
2.5399146249645765,-0.85,5.498891630874865
2.5399146249645765,-0.8,5.149081607281376
2.5399146249645765,-0.75,4.814271583687888
2.5399146249645765,-0.7,4.494461560094399
2.5399146249645765,-0.6499999999999999,4.189651536500911
2.5399146249645765,-0.6,3.899841512907421
2.5399146249645765,-0.55,3.625031489313932
2.5399146249645765,-0.5,3.365221465720443
2.5399146249645765,-0.44999999999999996,3.1204114421269553
2.5399146249645765,-0.3999999999999999,2.890601418533466
2.5399146249645765,-0.35,2.6757913949399765
2.5399146249645765,-0.29999999999999993,2.4759813713464873
2.5399146249645765,-0.25,2.2911713477529987
2.5399146249645765,-0.19999999999999996,2.1213613241595106
2.5399146249645765,-0.1499999999999999,1.9665513005660218
2.5399146249645765,-0.09999999999999998,1.8267412769725326
2.5399146249645765,-0.04999999999999993,1.7019312533790432
2.5399146249645765,0,1.5921212297855545
2.5399146249645765,0.050000000000000044,1.4973112061920661
2.5399146249645765,0.10000000000000009,1.4175011825985773
2.5399146249645765,0.15000000000000013,1.3526911590050874
2.5399146249645765,0.20000000000000018,1.3028811354115988
2.5399146249645765,0.25,1.26807111181811
2.5399146249645765,0.30000000000000004,1.2482610882246212
2.5399146249645765,0.3500000000000001,1.2434510646311332
2.5399146249645765,0.40000000000000013,1.2536410410376422
2.5399146249645765,0.4500000000000002,1.2788310174441546
2.5399146249645765,0.5,1.3190209938506638
2.5399146249645765,0.55,1.3742109702571765
2.5399146249645765,0.6000000000000001,1.4444009466636887
2.5399146249645765,0.6500000000000001,1.5295909230701978
2.5399146249645765,0.7000000000000002,1.6297808994767105
2.5399146249645765,0.75,1.7449708758832192
2.5399146249645765,0.8,1.8751608522897318
2.5399146249645765,0.8500000000000001,2.020350828696244
2.5399146249645765,0.9000000000000001,2.1805408051027535
2.5399146249645765,0.9500000000000002,2.3557307815092665
2.5399146249645765,1,2.5459207579157743
2.6248006337814473,-1,5.640870166848978
2.6248006337814473,-0.95,5.296991748545611
2.6248006337814473,-0.9,4.968113330242245
2.6248006337814473,-0.85,4.654234911938877
2.6248006337814473,-0.8,4.355356493635512
2.6248006337814473,-0.75,4.071478075332146
2.6248006337814473,-0.7,3.802599657028779
2.6248006337814473,-0.6499999999999999,3.5487212387254123
2.6248006337814473,-0.6,3.309842820422046
2.6248006337814473,-0.55,3.0859644021186785
2.6248006337814473,-0.5,2.877085983815313
2.6248006337814473,-0.44999999999999996,2.6832075655119474
2.6248006337814473,-0.3999999999999999,2.5043291472085802
2.6248006337814473,-0.35,2.340450728905214
2.6248006337814473,-0.29999999999999993,2.1915723106018468
2.6248006337814473,-0.25,2.057693892298481
2.6248006337814473,-0.19999999999999996,1.9388154739951151
2.6248006337814473,-0.1499999999999999,1.8349370556917477
2.6248006337814473,-0.09999999999999998,1.7460586373883824
2.6248006337814473,-0.04999999999999993,1.672180219085015
2.6248006337814473,0,1.613301800781649
2.6248006337814473,0.050000000000000044,1.5694233824782828
2.6248006337814473,0.10000000000000009,1.5405449641749156
2.6248006337814473,0.15000000000000013,1.5266665458715498
2.6248006337814473,0.20000000000000018,1.527788127568182
2.6248006337814473,0.25,1.543909709264817
2.6248006337814473,0.30000000000000004,1.5750312909614523
2.6248006337814473,0.3500000000000001,1.621152872658083
2.6248006337814473,0.40000000000000013,1.6822744543547183
2.6248006337814473,0.4500000000000002,1.7583960360513498
2.6248006337814473,0.5,1.849517617747985
2.6248006337814473,0.55,1.9556391994446205
2.6248006337814473,0.6000000000000001,2.076760781141251
2.6248006337814473,0.6500000000000001,2.212882362837887
2.6248006337814473,0.7000000000000002,2.3640039445345176
2.6248006337814473,0.75,2.530125526231153
2.6248006337814473,0.8,2.7112471079277887
2.6248006337814473,0.8500000000000001,2.907368689624419
2.6248006337814473,0.9000000000000001,3.1184902713210554
2.6248006337814473,0.9500000000000002,3.3446118530176854
2.6248006337814473,1,3.585733434714321
2.7147681723989607,-1,4.803944212557778
2.7147681723989607,-0.95,4.514046317424921
2.7147681723989607,-0.9,4.239148422292063
2.7147681723989607,-0.85,3.979250527159204
2.7147681723989607,-0.8,3.7343526320263454
2.7147681723989607,-0.75,3.5044547368934875
2.7147681723989607,-0.7,3.289556841760628
2.7147681723989607,-0.6499999999999999,3.0896589466277695
2.7147681723989607,-0.6,2.9047610514949125
2.7147681723989607,-0.55,2.7348631563620542
2.7147681723989607,-0.5,2.5799652612291957
2.7147681723989607,-0.44999999999999996,2.4400673660963363
2.7147681723989607,-0.3999999999999999,2.315169470963478
2.7147681723989607,-0.35,2.205271575830621
2.7147681723989607,-0.29999999999999993,2.1103736806977618
2.7147681723989607,-0.25,2.030475785564904
2.7147681723989607,-0.19999999999999996,1.9655778904320447
2.7147681723989607,-0.1499999999999999,1.9156799952991865
2.7147681723989607,-0.09999999999999998,1.8807821001663296
2.7147681723989607,-0.04999999999999993,1.8608842050334689
2.7147681723989607,0,1.8559863099006122
2.7147681723989607,0.050000000000000044,1.8660884147677548
2.7147681723989607,0.10000000000000009,1.8911905196348946
2.7147681723989607,0.15000000000000013,1.931292624502038
2.7147681723989607,0.20000000000000018,1.986394729369177
2.7147681723989607,0.25,2.0564968342363206
2.7147681723989607,0.30000000000000004,2.1415989391034636
2.7147681723989607,0.3500000000000001,2.241701043970603
2.7147681723989607,0.40000000000000013,2.3568031488377468
2.7147681723989607,0.4500000000000002,2.4869052537048857
2.7147681723989607,0.5,2.632007358572029
2.7147681723989607,0.55,2.7921094634391723
2.7147681723989607,0.6000000000000001,2.967211568306312
2.7147681723989607,0.6500000000000001,3.157313673173456
2.7147681723989607,0.7000000000000002,3.3624157780405937
2.7147681723989607,0.75,3.5825178829077373
2.7147681723989607,0.8,3.817619987774881
2.7147681723989607,0.8500000000000001,4.06772209264202
2.7147681723989607,0.9000000000000001,4.332824197509164
2.7147681723989607,0.9500000000000002,4.612926302376302
2.7147681723989607,1,4.908028407243446
2.810311757850063,-1,4.163288472313645
2.810311757850063,-0.95,3.930716728451449
2.810311757850063,-0.9,3.7131449845892517
2.810311757850063,-0.85,3.510573240727055
2.810311757850063,-0.8,3.3230014968648574
2.810311757850063,-0.75,3.1504297530026615
2.810311757850063,-0.7,2.9928580091404653
2.810311757850063,-0.6499999999999999,2.850286265278267
2.810311757850063,-0.6,2.722714521416071
2.810311757850063,-0.55,2.6101427775538735
2.810311757850063,-0.5,2.5125710336916773
2.810311757850063,-0.44999999999999996,2.4299992898294804
2.810311757850063,-0.3999999999999999,2.3624275459672828
2.810311757850063,-0.35,2.3098558021050875
2.810311757850063,-0.29999999999999993,2.2722840582428883
2.810311757850063,-0.25,2.249712314380693
2.810311757850063,-0.19999999999999996,2.2421405705184982
2.810311757850063,-0.1499999999999999,2.2495688266562985
2.810311757850063,-0.09999999999999998,2.271997082794104
2.810311757850063,-0.04999999999999993,2.309425338931904
2.810311757850063,0,2.361853595069709
2.810311757850063,0.050000000000000044,2.429281851207514
2.810311757850063,0.10000000000000009,2.511710107345314
2.810311757850063,0.15000000000000013,2.609138363483119
2.810311757850063,0.20000000000000018,2.7215666196209196
2.810311757850063,0.25,2.848994875758725
2.810311757850063,0.30000000000000004,2.9914231318965303
2.810311757850063,0.3500000000000001,3.1488513880343296
2.810311757850063,0.40000000000000013,3.3212796441721353
2.810311757850063,0.4500000000000002,3.5087079003099353
2.810311757850063,0.5,3.7111361564477408
2.810311757850063,0.55,3.928564412585546
2.810311757850063,0.6000000000000001,4.160992668723345
2.810311757850063,0.6500000000000001,4.408420924861152
2.810311757850063,0.7000000000000002,4.670849180998951
2.810311757850063,0.75,4.948277437136756
2.810311757850063,0.8,5.240705693274562
2.810311757850063,0.8500000000000001,5.548133949412361
2.810311757850063,0.9000000000000001,5.8705622055501685
2.810311757850063,0.9500000000000002,6.207990461687967
2.810311757850063,1,6.5604187178257725
2.9119920840334497,-1,3.762236656527914
2.9119920840334497,-0.95,3.590673108375749
2.9119920840334497,-0.9,3.4341095602235834
2.9119920840334497,-0.85,3.2925460120714196
2.9119920840334497,-0.8,3.165982463919255
2.9119920840334497,-0.75,3.054418915767089
2.9119920840334497,-0.7,2.9578553676149246
2.9119920840334497,-0.6499999999999999,2.8762918194627574
2.9119920840334497,-0.6,2.809728271310594
2.9119920840334497,-0.55,2.758164723158428
2.9119920840334497,-0.5,2.721601175006264
2.9119920840334497,-0.44999999999999996,2.7000376268540993
2.9119920840334497,-0.3999999999999999,2.6934740787019322
2.9119920840334497,-0.35,2.7019105305497693
2.9119920840334497,-0.29999999999999993,2.725346982397601
2.9119920840334497,-0.25,2.763783434245439
2.9119920840334497,-0.19999999999999996,2.8172198860932745
2.9119920840334497,-0.1499999999999999,2.885656337941107
2.9119920840334497,-0.09999999999999998,2.9690927897889443
2.9119920840334497,-0.04999999999999993,3.067529241636776
2.9119920840334497,0,3.1809656934846133
2.9119920840334497,0.050000000000000044,3.3094021453324496
2.9119920840334497,0.10000000000000009,3.452838597180282
2.9119920840334497,0.15000000000000013,3.61127504902812
2.9119920840334497,0.20000000000000018,3.7847115008759564
2.9119920840334497,0.25,3.973147952723788
2.9119920840334497,0.30000000000000004,4.176584404571624
2.9119920840334497,0.3500000000000001,4.395020856419457
2.9119920840334497,0.40000000000000013,4.628457308267294
2.9119920840334497,0.4500000000000002,4.876893760115132
2.9119920840334497,0.5,5.140330211962962
2.9119920840334497,0.55,5.4187666638108
2.9119920840334497,0.6000000000000001,5.712203115658632
2.9119920840334497,0.6500000000000001,6.0206395675064694
2.9119920840334497,0.7000000000000002,6.344076019354307
2.9119920840334497,0.75,6.682512471202137
2.9119920840334497,0.8,7.035948923049975
2.9119920840334497,0.8500000000000001,7.404385374897807
2.9119920840334497,0.9000000000000001,7.7878218267456445
2.9119920840334497,0.9500000000000002,8.186258278593483
2.9119920840334497,1,8.599694730441312
3.020447480176975,-1,3.6535272671981227
3.020447480176975,-0.95,3.5470369567320734
3.020447480176975,-0.9,3.455546646266023
3.020447480176975,-0.85,3.379056335799974
3.020447480176975,-0.8,3.3175660253339228
3.020447480176975,-0.75,3.271075714867874
3.020447480176975,-0.7,3.239585404401825
3.020447480176975,-0.6499999999999999,3.2230950939357728
3.020447480176975,-0.6,3.2216047834697257
3.020447480176975,-0.55,3.235114473003674
3.020447480176975,-0.5,3.2636241625376248
3.020447480176975,-0.44999999999999996,3.3071338520715763
3.020447480176975,-0.3999999999999999,3.3656435416055244
3.020447480176975,-0.35,3.4391532311394766
3.020447480176975,-0.29999999999999993,3.527662920673423
3.020447480176975,-0.25,3.6311726102073756
3.020447480176975,-0.19999999999999996,3.7496822997413277
3.020447480176975,-0.1499999999999999,3.8831919892752755
3.020447480176975,-0.09999999999999998,4.031701678809228
3.020447480176975,-0.04999999999999993,4.195211368343174
3.020447480176975,0,4.373721057877127
3.020447480176975,0.050000000000000044,4.567230747411079
3.020447480176975,0.10000000000000009,4.775740436945027
3.020447480176975,0.15000000000000013,4.999250126478979
3.020447480176975,0.20000000000000018,5.237759816012925
3.020447480176975,0.25,5.491269505546878
3.020447480176975,0.30000000000000004,5.7597791950808315
3.020447480176975,0.3500000000000001,6.043288884614777
3.020447480176975,0.40000000000000013,6.341798574148731
3.020447480176975,0.4500000000000002,6.6553082636826755
3.020447480176975,0.5,6.983817953216629
3.020447480176975,0.55,7.327327642750582
3.020447480176975,0.6000000000000001,7.685837332284528
3.020447480176975,0.6500000000000001,8.059347021818482
3.020447480176975,0.7000000000000002,8.447856711352427
3.020447480176975,0.75,8.85136640088638
3.020447480176975,0.8,9.269876090420334
3.020447480176975,0.8500000000000001,9.70338577995428
3.020447480176975,0.9000000000000001,10.151895469488233
3.020447480176975,0.9500000000000002,10.615405159022176
3.020447480176975,1,11.093914848556132
3.136407835452025,-1,3.9016219664630416
3.136407835452025,-0.95,3.8647078691620242
3.136407835452025,-0.9,3.8427937718610004
3.136407835452025,-0.85,3.8358796745599832
3.136407835452025,-0.8,3.8439655772589596
3.136407835452025,-0.75,3.867051479957942
3.136407835452025,-0.7,3.905137382656925
3.136407835452025,-0.6499999999999999,3.958223285355901
3.136407835452025,-0.6,4.026309188054884
3.136407835452025,-0.55,4.109395090753861
3.136407835452025,-0.5,4.207480993452843
3.136407835452025,-0.44999999999999996,4.320566896151826
3.136407835452025,-0.3999999999999999,4.448652798850802
3.136407835452025,-0.35,4.591738701549785
3.136407835452025,-0.29999999999999993,4.749824604248761
3.136407835452025,-0.25,4.922910506947743
3.136407835452025,-0.19999999999999996,5.110996409646726
3.136407835452025,-0.1499999999999999,5.314082312345702
3.136407835452025,-0.09999999999999998,5.5321682150446865
3.136407835452025,-0.04999999999999993,5.765254117743662
3.136407835452025,0,6.013340020442644
3.136407835452025,0.050000000000000044,6.276425923141628
3.136407835452025,0.10000000000000009,6.554511825840603
3.136407835452025,0.15000000000000013,6.847597728539587
3.136407835452025,0.20000000000000018,7.155683631238562
3.136407835452025,0.25,7.478769533937545
3.136407835452025,0.30000000000000004,7.816855436636528
3.136407835452025,0.3500000000000001,8.169941339335503
3.136407835452025,0.40000000000000013,8.538027242034488
3.136407835452025,0.4500000000000002,8.921113144733463
3.136407835452025,0.5,9.319199047432445
3.136407835452025,0.55,9.73228495013143
3.136407835452025,0.6000000000000001,10.160370852830402
3.136407835452025,0.6500000000000001,10.603456755529388
3.136407835452025,0.7000000000000002,11.061542658228362
3.136407835452025,0.75,11.534628560927347
3.136407835452025,0.8,12.02271446362633
3.136407835452025,0.8500000000000001,12.525800366325303
3.136407835452025,0.9000000000000001,13.043886269024291
3.136407835452025,0.9500000000000002,13.576972171723263
3.136407835452025,1,14.125058074422249
3.260711632022598,-1,4.585687727439931
3.260711632022598,-0.95,4.623355908081256
3.260711632022598,-0.9,4.676024088722577
3.260711632022598,-0.85,4.743692269363904
3.260711632022598,-0.8,4.826360450005224
3.260711632022598,-0.75,4.92402863064655
3.260711632022598,-0.7,5.036696811287876
3.260711632022598,-0.6499999999999999,5.164364991929197
3.260711632022598,-0.6,5.307033172570524
3.260711632022598,-0.55,5.464701353211844
3.260711632022598,-0.5,5.637369533853169
3.260711632022598,-0.44999999999999996,5.825037714494496
3.260711632022598,-0.3999999999999999,6.027705895135817
3.260711632022598,-0.35,6.245374075777143
3.260711632022598,-0.29999999999999993,6.478042256418462
3.260711632022598,-0.25,6.725710437059789
3.260711632022598,-0.19999999999999996,6.988378617701116
3.260711632022598,-0.1499999999999999,7.266046798342437
3.260711632022598,-0.09999999999999998,7.5587149789837635
3.260711632022598,-0.04999999999999993,7.866383159625082
3.260711632022598,0,8.18905134026641
3.260711632022598,0.050000000000000044,8.526719520907736
3.260711632022598,0.10000000000000009,8.879387701549057
3.260711632022598,0.15000000000000013,9.247055882190383
3.260711632022598,0.20000000000000018,9.629724062831711
3.260711632022598,0.25,10.02739224347303
3.260711632022598,0.30000000000000004,10.440060424114355
3.260711632022598,0.3500000000000001,10.867728604755676
3.260711632022598,0.40000000000000013,11.310396785397003
3.260711632022598,0.4500000000000002,11.768064966038331
3.260711632022598,0.5,12.240733146679647
3.260711632022598,0.55,12.728401327320977
3.260711632022598,0.6000000000000001,13.231069507962296
3.260711632022598,0.6500000000000001,13.748737688603622
3.260711632022598,0.7000000000000002,14.281405869244951
3.260711632022598,0.75,14.829074049886268
3.260711632022598,0.8,15.391742230527596
3.260711632022598,0.8500000000000001,15.969410411168916
3.260711632022598,0.9000000000000001,16.56207859181024
3.260711632022598,0.9500000000000002,17.16974677245157
3.260711632022598,1,17.792414953092887
3.394326927373153,-1,5.803463410852382
3.394326927373153,-0.95,5.921300768704043
3.394326927373153,-0.9,6.054138126555694
3.394326927373153,-0.85,6.201975484407356
3.394326927373153,-0.8,6.364812842259006
3.394326927373153,-0.75,6.542650200110666
3.394326927373153,-0.7,6.735487557962327
3.394326927373153,-0.6499999999999999,6.943324915813978
3.394326927373153,-0.6,7.16616227366564
3.394326927373153,-0.55,7.403999631517291
3.394326927373153,-0.5,7.6568369893689505
3.394326927373153,-0.44999999999999996,7.924674347220611
3.394326927373153,-0.3999999999999999,8.207511705072262
3.394326927373153,-0.35,8.505349062923925
3.394326927373153,-0.29999999999999993,8.818186420775575
3.394326927373153,-0.25,9.146023778627235
3.394326927373153,-0.19999999999999996,9.488861136478896
3.394326927373153,-0.1499999999999999,9.846698494330546
3.394326927373153,-0.09999999999999998,10.219535852182208
3.394326927373153,-0.04999999999999993,10.60737321003386
3.394326927373153,0,11.010210567885519
3.394326927373153,0.050000000000000044,11.42804792573718
3.394326927373153,0.10000000000000009,11.860885283588829
3.394326927373153,0.15000000000000013,12.308722641440493
3.394326927373153,0.20000000000000018,12.771559999292144
3.394326927373153,0.25,13.249397357143803
3.394326927373153,0.30000000000000004,13.742234714995465
3.394326927373153,0.3500000000000001,14.250072072847114
3.394326927373153,0.40000000000000013,14.772909430698778
3.394326927373153,0.4500000000000002,15.310746788550428
3.394326927373153,0.5,15.863584146402086
3.394326927373153,0.55,16.43142150425375
3.394326927373153,0.6000000000000001,17.014258862105397
3.394326927373153,0.6500000000000001,17.612096219957063
3.394326927373153,0.7000000000000002,18.224933577808713
3.394326927373153,0.75,18.85277093566037
3.394326927373153,0.8,19.495608293512035
3.394326927373153,0.8500000000000001,20.153445651363683
3.394326927373153,0.9000000000000001,20.826283009215345
3.394326927373153,0.9500000000000002,21.514120367066994
3.394326927373153,1,22.216957724918657
3.538377397152944,-1,7.676316108080034
3.538377397152944,-0.95,7.880583747799569
3.538377397152944,-0.9,8.099851387519093
3.538377397152944,-0.85,8.33411902723863
3.538377397152944,-0.8,8.583386666958155
3.538377397152944,-0.75,8.847654306677692
3.538377397152944,-0.7,9.126921946397227
3.538377397152944,-0.6499999999999999,9.421189586116752
3.538377397152944,-0.6,9.73045722583629
3.538377397152944,-0.55,10.054724865555814
3.538377397152944,-0.5,10.393992505275348
3.538377397152944,-0.44999999999999996,10.748260144994884
3.538377397152944,-0.3999999999999999,11.117527784714408
3.538377397152944,-0.35,11.501795424433947
3.538377397152944,-0.29999999999999993,11.90106306415347
3.538377397152944,-0.25,12.315330703873007
3.538377397152944,-0.19999999999999996,12.744598343592543
3.538377397152944,-0.1499999999999999,13.188865983312066
3.538377397152944,-0.09999999999999998,13.648133623031605
3.538377397152944,-0.04999999999999993,14.12240126275113
3.538377397152944,0,14.611668902470663
3.538377397152944,0.050000000000000044,15.1159365421902
3.538377397152944,0.10000000000000009,15.635204181909724
3.538377397152944,0.15000000000000013,16.169471821629266
3.538377397152944,0.20000000000000018,16.7187394613488
3.538377397152944,0.25,17.28300710106832
3.538377397152944,0.30000000000000004,17.862274740787857
3.538377397152944,0.3500000000000001,18.45654238050738
3.538377397152944,0.40000000000000013,19.065810020226923
3.538377397152944,0.4500000000000002,19.69007765994646
3.538377397152944,0.5,20.32934529966598
3.538377397152944,0.55,20.983612939385516
3.538377397152944,0.6000000000000001,21.65288057910504
3.538377397152944,0.6500000000000001,22.33714821882458
3.538377397152944,0.7000000000000002,23.036415858544117
3.538377397152944,0.75,23.75068349826364
3.538377397152944,0.8,24.479951137983175
3.538377397152944,0.8500000000000001,25.224218777702696
3.538377397152944,0.9000000000000001,25.983486417422238
3.538377397152944,0.9500000000000002,26.75775405714177
3.538377397152944,1,27.547021696861297
3.69417492208547,-1,10.355914609909622
3.69417492208547,-0.95,10.653660764588674
3.69417492208547,-0.9,10.966406919267714
3.69417492208547,-0.85,11.294153073946767
3.69417492208547,-0.8,11.636899228625808
3.69417492208547,-0.75,11.994645383304858
3.69417492208547,-0.7,12.36739153798391
3.69417492208547,-0.6499999999999999,12.75513769266295
3.69417492208547,-0.6,13.157883847342003
3.69417492208547,-0.55,13.575630002021043
3.69417492208547,-0.5,14.008376156700095
3.69417492208547,-0.44999999999999996,14.456122311379147
3.69417492208547,-0.3999999999999999,14.918868466058187
3.69417492208547,-0.35,15.396614620737239
3.69417492208547,-0.29999999999999993,15.889360775416279
3.69417492208547,-0.25,16.39710693009533
3.69417492208547,-0.19999999999999996,16.91985308477438
3.69417492208547,-0.1499999999999999,17.457599239453423
3.69417492208547,-0.09999999999999998,18.010345394132475
3.69417492208547,-0.04999999999999993,18.578091548811514
3.69417492208547,0,19.160837703490568
3.69417492208547,0.050000000000000044,19.75858385816962
3.69417492208547,0.10000000000000009,20.37133001284866
3.69417492208547,0.15000000000000013,20.999076167527715
3.69417492208547,0.20000000000000018,21.641822322206767
3.69417492208547,0.25,22.299568476885803
3.69417492208547,0.30000000000000004,22.972314631564856
3.69417492208547,0.3500000000000001,23.6600607862439
3.69417492208547,0.40000000000000013,24.36280694092295
3.69417492208547,0.4500000000000002,25.080553095602003
3.69417492208547,0.5,25.813299250281037
3.69417492208547,0.55,26.56104540496009
3.69417492208547,0.6000000000000001,27.323791559639133
3.69417492208547,0.6500000000000001,28.101537714318184
3.69417492208547,0.7000000000000002,28.894283868997242
3.69417492208547,0.75,29.702030023676272
3.69417492208547,0.8,30.52477617835533
3.69417492208547,0.8500000000000001,31.36252233303437
3.69417492208547,0.9000000000000001,32.215268487713416
3.69417492208547,0.9500000000000002,33.08301464239248
3.69417492208547,1,33.96576079707151
3.863260721268796,-1,14.033125476329237
3.863260721268796,-0.95,14.432323110518285
3.863260721268796,-0.9,14.846520744707318
3.863260721268796,-0.85,15.27571837889637
3.863260721268796,-0.8,15.719916013085403
3.863260721268796,-0.75,16.179113647274452
3.863260721268796,-0.7,16.6533112814635
3.863260721268796,-0.6499999999999999,17.14250891565253
3.863260721268796,-0.6,17.646706549841586
3.863260721268796,-0.55,18.16590418403062
3.863260721268796,-0.5,18.700101818219665
3.863260721268796,-0.44999999999999996,19.249299452408714
3.863260721268796,-0.3999999999999999,19.813497086597746
3.863260721268796,-0.35,20.3926947207868
3.863260721268796,-0.29999999999999993,20.986892354975833
3.863260721268796,-0.25,21.59608998916488
3.863260721268796,-0.19999999999999996,22.220287623353926
3.863260721268796,-0.1499999999999999,22.859485257542964
3.863260721268796,-0.09999999999999998,23.513682891732014
3.863260721268796,-0.04999999999999993,24.182880525921046
3.863260721268796,0,24.867078160110093
3.863260721268796,0.050000000000000044,25.56627579429914
3.863260721268796,0.10000000000000009,26.280473428488175
3.863260721268796,0.15000000000000013,27.009671062677228
3.863260721268796,0.20000000000000018,27.753868696866277
3.863260721268796,0.25,28.51306633105531
3.863260721268796,0.30000000000000004,29.287263965244364
3.863260721268796,0.3500000000000001,30.07646159943339
3.863260721268796,0.40000000000000013,30.880659233622445
3.863260721268796,0.4500000000000002,31.699856867811487
3.863260721268796,0.5,32.53405450200052
3.863260721268796,0.55,33.383252136189576
3.863260721268796,0.6000000000000001,34.2474497703786
3.863260721268796,0.6500000000000001,35.12664740456766
3.863260721268796,0.7000000000000002,36.020845038756704
3.863260721268796,0.75,36.93004267294574
3.863260721268796,0.8,37.85424030713479
3.863260721268796,0.8500000000000001,38.793437941323816
3.863260721268796,0.9000000000000001,39.747635575512874
3.863260721268796,0.9500000000000002,40.71683320970192
3.863260721268796,1,41.70103084389095
4.04745776638363,-1,18.95000090717062
4.04745776638363,-0.95,19.45971676842857
4.04745776638363,-0.9,19.984432629686502
4.04745776638363,-0.85,20.524148490944455
4.04745776638363,-0.8,21.078864352202388
4.04745776638363,-0.75,21.64858021346034
4.04745776638363,-0.7,22.233296074718282
4.04745776638363,-0.6499999999999999,22.83301193597622
4.04745776638363,-0.6,23.447727797234172
4.04745776638363,-0.55,24.077443658492104
4.04745776638363,-0.5,24.722159519750054
4.04745776638363,-0.44999999999999996,25.381875381008
4.04745776638363,-0.3999999999999999,26.05659124226593
4.04745776638363,-0.35,26.746307103523886
4.04745776638363,-0.29999999999999993,27.451022964781817
4.04745776638363,-0.25,28.17073882603977
4.04745776638363,-0.19999999999999996,28.905454687297716
4.04745776638363,-0.1499999999999999,29.65517054855565
4.04745776638363,-0.09999999999999998,30.4198864098136
4.04745776638363,-0.04999999999999993,31.19960227107153
4.04745776638363,0,31.994318132329486
4.04745776638363,0.050000000000000044,32.80403399358744
4.04745776638363,0.10000000000000009,33.62874985484537
4.04745776638363,0.15000000000000013,34.46846571610332
4.04745776638363,0.20000000000000018,35.32318157736124
4.04745776638363,0.25,36.1928974386192
4.04745776638363,0.30000000000000004,37.07761329987715
4.04745776638363,0.3500000000000001,37.97732916113508
4.04745776638363,0.40000000000000013,38.892045022393035
4.04745776638363,0.4500000000000002,39.82176088365096
4.04745776638363,0.5,40.766476744908914
4.04745776638363,0.55,41.72619260616687
4.04745776638363,0.6000000000000001,42.700908467424796
4.04745776638363,0.6500000000000001,43.69062432868275
4.04745776638363,0.7000000000000002,44.69534018994067
4.04745776638363,0.75,45.71505605119863
4.04745776638363,0.8,46.74977191245659
4.04745776638363,0.8500000000000001,47.79948777371451
4.04745776638363,0.9000000000000001,48.86420363497247
4.04745776638363,0.9500000000000002,49.94391949623039
4.04745776638363,1,51.038635357488346
